begesid,profilid,datedebut,datefin,co2total,globalrank
1,40,2023-06-30,2023-07-30,347.5799962236392,3
2,44,2023-05-31,2023-06-30,729.7097991523693,3
3,91,2023-04-17,2023-05-17,232.6075129596372,3
4,18,2023-07-12,2023-08-11,668.0815868706289,3
5,35,2023-09-12,2023-10-12,393.9538529358728,3
6,72,2023-09-25,2023-10-25,482.0594481453013,3
7,14,2023-05-27,2023-06-26,588.1858124448224,3
8,22,2023-08-19,2023-09-18,283.461786577274,3
9,59,2023-01-06,2023-02-05,100.38158514613124,3
10,61,2023-09-12,2023-10-12,553.9547472522934,3
11,9,2023-04-14,2023-05-14,662.6911830960464,3
12,72,2023-04-16,2023-05-16,361.3509589182653,3
13,21,2023-02-26,2023-03-28,283.79697989492746,3
14,72,2023-01-25,2023-02-24,744.7987471051036,3
15,86,2023-08-17,2023-09-16,249.71931613990589,3
16,37,2023-01-08,2023-02-07,795.1171820063367,3
17,21,2023-08-01,2023-08-31,933.2760246614747,3
18,16,2023-12-05,2024-01-04,257.22980622629177,3
19,65,2023-04-29,2023-05-29,470.5559143587081,3
20,9,2023-03-25,2023-04-24,767.7206212208657,3
21,51,2023-10-22,2023-11-21,639.2089298216696,3
22,98,2023-11-06,2023-12-06,460.7144926137023,3
23,86,2023-04-03,2023-05-03,659.972571666579,3
24,30,2023-09-04,2023-10-04,700.8584014569643,3
25,33,2023-05-18,2023-06-17,946.2289916263796,3
26,44,2023-06-29,2023-07-29,628.5550958897805,3
27,97,2023-01-19,2023-02-18,257.121569155609,3
28,47,2023-04-16,2023-05-16,305.2598021015804,3
29,34,2023-08-16,2023-09-15,914.4490801740094,3
30,77,2023-02-16,2023-03-18,676.6650110772906,3
31,76,2023-06-23,2023-07-23,133.5753339722578,3
32,40,2023-01-31,2023-03-02,135.22334701693154,3
33,42,2023-08-14,2023-09-13,195.57570099228005,3
34,51,2023-02-04,2023-03-06,815.0211124234901,2
35,95,2023-10-11,2023-11-10,596.2288521491821,3
36,30,2023-10-13,2023-11-12,754.6722164735762,3
37,67,2023-11-05,2023-12-05,632.9665878629661,3
38,6,2023-08-22,2023-09-21,380.052303708543,3
39,49,2023-07-22,2023-08-21,139.5785453774509,2
40,30,2023-11-15,2023-12-15,276.2821530822148,3
41,54,2023-05-02,2023-06-01,427.09041346492734,3
42,65,2023-11-23,2023-12-23,305.62730614819327,3
43,63,2023-06-11,2023-07-11,367.0086600988402,3
44,80,2023-07-20,2023-08-19,249.07215196497887,3
45,100,2023-06-10,2023-07-10,414.57558217656475,3
46,97,2023-01-01,2023-01-31,925.3261191945427,3
47,100,2023-08-25,2023-09-24,736.2796620750848,3
48,24,2023-06-03,2023-07-03,732.3804610879076,3
49,41,2023-05-26,2023-06-25,885.7485721329732,3
50,7,2023-12-25,2024-01-24,708.9519643679281,3
51,26,2023-04-12,2023-05-12,574.917032367074,3
52,39,2023-07-16,2023-08-15,816.3097659535041,3
53,80,2023-01-16,2023-02-15,438.66616612309923,3
54,51,2023-01-05,2023-02-04,897.9723211610885,3
55,87,2023-10-01,2023-10-31,965.38874308639,3
56,79,2023-04-06,2023-05-06,943.8800681141367,3
57,15,2023-05-15,2023-06-14,889.991007023656,3
58,71,2023-02-09,2023-03-11,378.3723219620484,3
59,66,2023-02-20,2023-03-22,145.26153759598998,3
60,98,2023-11-30,2023-12-30,603.7783938438102,3
61,23,2023-04-30,2023-05-30,327.5755255662592,3
1063,72,2023-10-28,2023-11-26,916.4850224519002,2
1064,72,2023-11-27,2023-12-26,616.7563857320366,3
1065,73,2023-01-01,2023-01-30,1373.7813832881957,3
1066,73,2023-01-31,2023-03-01,595.3099874224428,3
1067,73,2023-03-02,2023-03-31,617.1672795694174,3
1068,73,2023-04-01,2023-04-30,988.2180476295252,3
1069,73,2023-05-01,2023-05-30,619.7900443448092,3
69,75,2023-03-18,2023-04-17,448.78870437422717,3
70,22,2023-01-05,2023-02-04,498.6294595849972,3
71,12,2023-06-25,2023-07-25,742.2108987217267,3
72,56,2023-04-17,2023-05-17,283.94985060375257,3
73,22,2023-09-19,2023-10-19,562.4189461688604,3
74,64,2023-12-17,2024-01-16,797.6635328973247,3
75,58,2023-12-16,2024-01-15,322.56813567391043,3
76,28,2023-06-18,2023-07-18,818.2389041646587,3
77,75,2023-07-21,2023-08-20,371.3636259098999,3
78,11,2023-06-27,2023-07-27,288.3009882227469,3
79,26,2023-08-12,2023-09-11,734.3156954175462,3
80,64,2023-10-15,2023-11-14,464.207705556802,3
81,20,2023-06-29,2023-07-29,494.3742036470684,3
82,5,2023-05-25,2023-06-24,218.4647263054004,2
83,69,2023-05-27,2023-06-26,340.86036984845657,3
84,1,2023-02-01,2023-03-03,868.2754866880255,3
85,73,2023-04-18,2023-05-18,628.7738452826518,3
86,67,2023-04-04,2023-05-04,828.5913489957187,3
87,4,2023-01-12,2023-02-11,496.6255115100789,3
88,98,2023-11-27,2023-12-27,846.1081212633022,3
89,26,2023-02-11,2023-03-13,557.8819766812103,3
90,17,2023-01-28,2023-02-27,233.7555141413028,3
91,42,2023-08-24,2023-09-23,734.3076093381183,3
92,67,2023-09-17,2023-10-17,605.7405523461051,3
93,86,2023-07-09,2023-08-08,254.67930307463413,3
94,1,2023-05-14,2023-06-13,377.99020464148657,3
95,35,2023-12-04,2024-01-03,733.9898991052982,3
96,58,2023-08-21,2023-09-20,798.7843746602491,3
97,85,2023-06-16,2023-07-16,750.8870378183904,3
98,34,2023-06-23,2023-07-23,381.81082109988535,3
99,46,2023-04-13,2023-05-13,174.64867993221876,3
100,29,2023-11-19,2023-12-19,568.4416160244208,3
101,23,2023-01-21,2023-02-20,727.117537084151,3
102,85,2023-06-28,2023-07-28,210.27735312951276,3
103,85,2023-08-22,2023-09-21,873.1791443633163,3
104,96,2023-06-15,2023-07-15,761.5769023063317,3
105,19,2023-10-28,2023-11-27,306.75740296175854,3
106,38,2023-03-21,2023-04-20,934.1210047166359,3
107,51,2023-05-01,2023-05-31,631.6826904498677,3
108,30,2023-11-24,2023-12-24,736.5349263684084,3
109,11,2023-10-16,2023-11-15,362.28673709155385,3
110,25,2023-06-06,2023-07-06,145.8090553856662,3
111,98,2023-10-09,2023-11-08,773.7853525450236,3
112,38,2023-03-18,2023-04-17,539.5245845766625,3
113,98,2023-06-10,2023-07-10,824.2931304365619,3
114,80,2023-07-27,2023-08-26,352.6567885007498,3
115,1,2023-03-07,2023-04-06,552.8382626705472,3
116,90,2023-02-28,2023-03-30,105.45291650782647,3
117,86,2023-03-27,2023-04-26,905.611741582946,3
118,20,2023-11-12,2023-12-12,144.16751457932304,3
119,61,2023-02-06,2023-03-08,182.20481737810556,3
120,88,2023-12-22,2024-01-21,988.4965996453067,3
121,59,2023-12-11,2024-01-10,769.1545300460132,3
122,42,2023-05-31,2023-06-30,252.11236334180506,3
123,69,2023-10-27,2023-11-26,211.50085330866827,3
124,11,2023-02-28,2023-03-30,230.22054065987274,3
125,16,2023-12-14,2024-01-13,152.2198282308279,3
126,41,2023-06-02,2023-07-02,804.1041255878013,3
127,91,2023-11-09,2023-12-09,206.00726991757892,3
128,17,2023-03-29,2023-04-28,759.1385775087257,3
129,17,2023-08-06,2023-09-05,727.0710583368038,3
130,84,2023-04-22,2023-05-22,880.3263100058566,3
1070,73,2023-05-31,2023-06-29,920.0928587997566,3
1071,73,2023-06-30,2023-07-29,1983.8106971505686,3
1072,73,2023-07-30,2023-08-28,1279.2301076655995,3
1073,73,2023-08-29,2023-09-27,1474.1207704800715,3
1074,73,2023-09-28,2023-10-27,1921.7155286334735,3
1075,73,2023-10-28,2023-11-26,863.7836361046395,3
137,77,2023-09-02,2023-10-02,961.7666230800147,3
138,67,2023-10-09,2023-11-08,233.08433675362355,3
139,14,2023-01-14,2023-02-13,109.99928648406443,3
140,31,2023-11-26,2023-12-26,696.1799938307884,3
141,82,2023-04-24,2023-05-24,404.7208460144946,3
142,97,2023-05-08,2023-06-07,528.845846563419,3
143,11,2023-08-30,2023-09-29,865.4072710872216,3
144,28,2023-03-31,2023-04-30,657.6699439102962,3
145,65,2023-01-24,2023-02-23,564.4747544668555,3
146,47,2023-06-15,2023-07-15,625.2443322245952,3
147,43,2023-10-06,2023-11-05,349.9771276463723,3
148,29,2023-12-20,2024-01-19,812.7947906483178,3
149,26,2023-02-09,2023-03-11,150.5724455913348,3
150,87,2023-09-26,2023-10-26,106.40682157889242,2
151,17,2023-06-05,2023-07-05,912.0545203147527,3
152,21,2023-12-31,2024-01-30,894.2198299149467,3
153,40,2023-12-27,2024-01-26,797.6362692797788,3
154,94,2023-06-21,2023-07-21,534.6624528390985,3
155,81,2023-03-29,2023-04-28,897.6911709581784,3
156,19,2023-08-13,2023-09-12,967.4500838315425,3
157,3,2023-05-09,2023-06-08,238.19549375004212,3
158,56,2023-12-29,2024-01-28,888.1569897762669,3
159,12,2023-10-18,2023-11-17,749.4800714878841,3
160,99,2023-10-14,2023-11-13,779.3646081979273,2
161,4,2023-12-27,2024-01-26,866.9683953344432,3
162,40,2023-09-24,2023-10-24,840.2600027425538,3
163,19,2023-12-05,2024-01-04,577.3852178488978,3
164,94,2023-08-09,2023-09-08,292.2411595027988,3
165,29,2023-08-27,2023-09-26,994.8205910122276,3
166,59,2023-01-01,2023-01-31,339.32169348558205,3
1076,73,2023-11-27,2023-12-26,964.8696081830628,3
1077,74,2023-01-01,2023-01-30,1972.664350320501,3
1078,74,2023-01-31,2023-03-01,1079.1596078391035,2
1079,74,2023-03-02,2023-03-31,904.8326383519277,3
1080,74,2023-04-01,2023-04-30,1370.59093423989,3
1081,74,2023-05-01,2023-05-30,1418.091691387815,3
1082,74,2023-05-31,2023-06-29,795.6554513287485,3
1083,74,2023-06-30,2023-07-29,1168.557211571694,3
1084,74,2023-07-30,2023-08-28,1659.4873118932705,3
1085,74,2023-08-29,2023-09-27,1510.4541600125099,3
1086,74,2023-09-28,2023-10-27,1526.7593316091113,3
1087,74,2023-10-28,2023-11-26,1174.3348733620674,3
1088,74,2023-11-27,2023-12-26,1962.8138521758417,3
1089,75,2023-01-01,2023-01-30,1756.9169356047742,3
1090,75,2023-01-31,2023-03-01,997.8034922648623,3
1091,75,2023-03-02,2023-03-31,716.6247551558569,3
1092,75,2023-04-01,2023-04-30,1327.5301427491104,3
1093,75,2023-05-01,2023-05-30,1770.1766813783618,3
1094,75,2023-05-31,2023-06-29,1136.7755428419487,3
1095,75,2023-06-30,2023-07-29,1676.6619700239482,3
1096,75,2023-07-30,2023-08-28,1088.202247319643,3
1097,75,2023-08-29,2023-09-27,1085.4947515438625,3
1098,75,2023-09-28,2023-10-27,772.968558746695,3
1099,75,2023-10-28,2023-11-26,1445.4264756598309,3
1100,75,2023-11-27,2023-12-26,565.2200277564326,3
1101,76,2023-01-01,2023-01-30,580.0562787367389,3
1102,76,2023-01-31,2023-03-01,1773.5435031086445,3
1103,76,2023-03-02,2023-03-31,1359.7025022318714,2
1104,76,2023-04-01,2023-04-30,1348.8549194590987,3
1105,76,2023-05-01,2023-05-30,1168.8420949243866,3
1106,76,2023-05-31,2023-06-29,1479.6537204569865,3
1107,76,2023-06-30,2023-07-29,1261.3244293005955,3
1108,76,2023-07-30,2023-08-28,968.3562606306743,3
1109,76,2023-08-29,2023-09-27,1545.8622046508826,3
1110,76,2023-09-28,2023-10-27,1968.1430248708778,3
1111,76,2023-10-28,2023-11-26,545.2686383598145,3
1112,76,2023-11-27,2023-12-26,1571.634255112582,3
1113,77,2023-01-01,2023-01-30,703.2120984724104,3
1114,77,2023-01-31,2023-03-01,1424.404942122401,3
1115,77,2023-03-02,2023-03-31,1204.704052455204,3
1116,77,2023-04-01,2023-04-30,1837.648116946289,3
1117,77,2023-05-01,2023-05-30,940.0106407851462,3
1118,77,2023-05-31,2023-06-29,786.8625787213194,3
1119,77,2023-06-30,2023-07-29,710.3267276602407,3
1120,77,2023-07-30,2023-08-28,662.367110700172,3
1121,77,2023-08-29,2023-09-27,992.5786872546882,3
1122,77,2023-09-28,2023-10-27,988.1280269974935,3
1123,77,2023-10-28,2023-11-26,1820.0732304656162,3
1124,77,2023-11-27,2023-12-26,1315.4869392607197,3
1125,78,2023-01-01,2023-01-30,1756.4193896690201,3
1126,78,2023-01-31,2023-03-01,519.8605489394315,3
1127,78,2023-03-02,2023-03-31,1650.1639036889478,3
1128,78,2023-04-01,2023-04-30,1304.0810455244218,3
1129,78,2023-05-01,2023-05-30,1949.8655693085504,3
1130,78,2023-05-31,2023-06-29,1124.598873903221,3
1131,78,2023-06-30,2023-07-29,1258.8175304816446,3
1132,78,2023-07-30,2023-08-28,1433.6155066332833,3
1133,78,2023-08-29,2023-09-27,1126.8548885335933,3
1134,78,2023-09-28,2023-10-27,1045.2019245288295,3
1135,78,2023-10-28,2023-11-26,1449.4044279006348,3
1136,78,2023-11-27,2023-12-26,1657.1406879233496,3
1137,79,2023-01-01,2023-01-30,782.5540336647693,3
1138,79,2023-01-31,2023-03-01,727.0981770413277,3
1139,79,2023-03-02,2023-03-31,1238.6722411998926,3
1140,79,2023-04-01,2023-04-30,1969.7469393978804,3
1141,79,2023-05-01,2023-05-30,1916.7475840803538,3
1142,79,2023-05-31,2023-06-29,610.8088818722972,3
234,3,2023-09-28,2023-10-27,1350.3684536878409,3
235,3,2023-10-28,2023-11-26,1160.202093869615,3
236,3,2023-11-27,2023-12-26,1666.266121968279,3
237,4,2023-01-01,2023-01-30,1128.155412791619,3
238,4,2023-01-31,2023-03-01,933.2869036345661,3
239,4,2023-03-02,2023-03-31,1777.8275035747918,3
240,4,2023-04-01,2023-04-30,1748.8910476166493,3
241,4,2023-05-01,2023-05-30,1517.6030485790325,3
242,4,2023-05-31,2023-06-29,1847.641184529645,3
243,4,2023-06-30,2023-07-29,597.9687117713346,3
244,4,2023-07-30,2023-08-28,733.8899596922314,3
245,4,2023-08-29,2023-09-27,1731.095813813492,3
246,4,2023-09-28,2023-10-27,1616.5265774439108,3
247,4,2023-10-28,2023-11-26,961.3986809044125,3
248,4,2023-11-27,2023-12-26,1359.4149273777941,3
249,5,2023-01-01,2023-01-30,885.6443653489025,3
250,5,2023-01-31,2023-03-01,807.5412625918332,3
251,5,2023-03-02,2023-03-31,1560.176533031829,3
252,5,2023-04-01,2023-04-30,1960.0925971455074,3
253,5,2023-05-01,2023-05-30,946.1572792145953,3
254,5,2023-05-31,2023-06-29,1916.29838838183,3
255,5,2023-06-30,2023-07-29,1648.4483835701747,3
256,5,2023-07-30,2023-08-28,1958.8018680532507,3
257,5,2023-08-29,2023-09-27,1913.1802065562354,3
258,5,2023-09-28,2023-10-27,655.6783003644989,3
259,5,2023-10-28,2023-11-26,1801.9357384533841,3
260,5,2023-11-27,2023-12-26,665.1585998897555,3
261,6,2023-01-01,2023-01-30,1214.8449958491615,3
262,6,2023-01-31,2023-03-01,1472.339797023124,3
263,6,2023-03-02,2023-03-31,727.8030302457565,3
264,6,2023-04-01,2023-04-30,680.693131288918,3
265,6,2023-05-01,2023-05-30,634.0377446147018,3
266,6,2023-05-31,2023-06-29,709.8711349165322,3
267,6,2023-06-30,2023-07-29,1201.2382957202167,3
268,6,2023-07-30,2023-08-28,1343.8404900912894,3
269,6,2023-08-29,2023-09-27,1046.5530390134236,3
270,6,2023-09-28,2023-10-27,820.4029985832233,3
271,6,2023-10-28,2023-11-26,1215.0180749210567,3
272,6,2023-11-27,2023-12-26,759.4031763102589,3
273,7,2023-01-01,2023-01-30,726.3990785226028,3
274,7,2023-01-31,2023-03-01,691.0188081679247,3
275,7,2023-03-02,2023-03-31,1490.7004760626924,3
276,7,2023-04-01,2023-04-30,1267.2127441573093,2
277,7,2023-05-01,2023-05-30,1416.2913682779777,3
278,7,2023-05-31,2023-06-29,1039.9980007220202,3
279,7,2023-06-30,2023-07-29,1131.4492398530813,3
280,7,2023-07-30,2023-08-28,1693.3765493714639,3
281,7,2023-08-29,2023-09-27,1035.1496890025023,3
282,7,2023-09-28,2023-10-27,1694.2633007210559,3
283,7,2023-10-28,2023-11-26,1720.0615371237404,3
284,7,2023-11-27,2023-12-26,519.5103038472013,3
285,8,2023-01-01,2023-01-30,1548.633996447621,3
286,8,2023-01-31,2023-03-01,1326.8000672714143,3
287,8,2023-03-02,2023-03-31,1122.7980538431611,3
288,8,2023-04-01,2023-04-30,1895.4472124288409,3
289,8,2023-05-01,2023-05-30,814.5162080829627,3
290,8,2023-05-31,2023-06-29,1710.9459415331262,3
291,8,2023-06-30,2023-07-29,1013.9889081939042,3
292,8,2023-07-30,2023-08-28,536.1139664834827,3
1143,79,2023-06-30,2023-07-29,691.1490785961616,2
1144,79,2023-07-30,2023-08-28,516.2569907745436,3
1145,79,2023-08-29,2023-09-27,1932.8036439724974,3
1146,79,2023-09-28,2023-10-27,1016.0181915599196,3
1147,79,2023-10-28,2023-11-26,742.66668841252,3
1148,79,2023-11-27,2023-12-26,1149.0975373407905,3
1149,80,2023-01-01,2023-01-30,1732.4487556122283,3
1150,80,2023-01-31,2023-03-01,1333.0583336202917,3
1151,80,2023-03-02,2023-03-31,811.4656696181287,3
302,9,2023-05-31,2023-06-29,1320.5602027329846,3
303,9,2023-06-30,2023-07-29,689.4225050102292,3
304,9,2023-07-30,2023-08-28,591.205260358482,3
305,9,2023-08-29,2023-09-27,770.4803680519343,3
306,9,2023-09-28,2023-10-27,1798.699702290286,3
307,9,2023-10-28,2023-11-26,1034.708043398824,3
308,9,2023-11-27,2023-12-26,1781.4540781629737,3
309,10,2023-01-01,2023-01-30,750.785276337524,3
310,10,2023-01-31,2023-03-01,1424.0659554523997,3
311,10,2023-03-02,2023-03-31,1846.9056232039975,3
312,10,2023-04-01,2023-04-30,750.5670166242742,3
313,10,2023-05-01,2023-05-30,582.75130699788,3
314,10,2023-05-31,2023-06-29,1306.0935314290116,3
315,10,2023-06-30,2023-07-29,1893.831451137908,3
316,10,2023-07-30,2023-08-28,1399.8157893184218,3
317,10,2023-08-29,2023-09-27,1962.1076128821862,3
318,10,2023-09-28,2023-10-27,994.3815706403558,3
319,10,2023-10-28,2023-11-26,1426.1388192242407,3
320,10,2023-11-27,2023-12-26,1326.5295178163158,3
321,11,2023-01-01,2023-01-30,953.3950979642274,3
322,11,2023-01-31,2023-03-01,1628.6742090634768,3
323,11,2023-03-02,2023-03-31,1610.5278057446983,3
324,11,2023-04-01,2023-04-30,1224.6960168921073,3
325,11,2023-05-01,2023-05-30,766.6374817885215,3
326,11,2023-05-31,2023-06-29,1664.2853735694146,3
327,11,2023-06-30,2023-07-29,1123.6779490294643,3
328,11,2023-07-30,2023-08-28,1500.1038940763653,3
329,11,2023-08-29,2023-09-27,1525.8415508627243,3
330,11,2023-09-28,2023-10-27,1516.3824728880065,3
331,11,2023-10-28,2023-11-26,690.1052290937637,3
332,11,2023-11-27,2023-12-26,1138.6304222099748,3
333,12,2023-01-01,2023-01-30,1535.7158372063122,2
334,12,2023-01-31,2023-03-01,769.1891164502478,3
335,12,2023-03-02,2023-03-31,1861.375578367443,3
336,12,2023-04-01,2023-04-30,1504.212656721661,3
337,12,2023-05-01,2023-05-30,1586.6681482493404,3
338,12,2023-05-31,2023-06-29,1151.5573300938458,3
339,12,2023-06-30,2023-07-29,707.7462810749146,3
340,12,2023-07-30,2023-08-28,681.8089012606648,3
341,12,2023-08-29,2023-09-27,1500.2444110775073,3
342,12,2023-09-28,2023-10-27,1599.6206186645823,3
343,12,2023-10-28,2023-11-26,602.8312918580326,3
344,12,2023-11-27,2023-12-26,844.5717386832837,3
345,13,2023-01-01,2023-01-30,1997.0538401670008,3
346,13,2023-01-31,2023-03-01,901.6899603350964,3
347,13,2023-03-02,2023-03-31,1442.470060886029,3
348,13,2023-04-01,2023-04-30,1079.905030422216,3
349,13,2023-05-01,2023-05-30,1838.8797466407489,3
350,13,2023-05-31,2023-06-29,1601.5162308280508,3
351,13,2023-06-30,2023-07-29,740.6391088823459,3
352,13,2023-07-30,2023-08-28,500.6816933044616,3
353,13,2023-08-29,2023-09-27,967.4668060092017,3
354,13,2023-09-28,2023-10-27,1036.7507632358888,3
355,13,2023-10-28,2023-11-26,1953.3719337214825,3
356,13,2023-11-27,2023-12-26,1759.330453955076,3
357,14,2023-01-01,2023-01-30,1978.6560388188122,3
358,14,2023-01-31,2023-03-01,1998.923924148416,3
359,14,2023-03-02,2023-03-31,1742.9427090113013,3
360,14,2023-04-01,2023-04-30,1865.5628762313825,3
1152,80,2023-04-01,2023-04-30,1134.956298318321,3
1153,80,2023-05-01,2023-05-30,684.1944109098824,3
1154,80,2023-05-31,2023-06-29,1758.9434398209128,3
1155,80,2023-06-30,2023-07-29,1601.0777393066494,3
1156,80,2023-07-30,2023-08-28,637.4046096845248,3
1157,80,2023-08-29,2023-09-27,1929.8131287995134,3
1158,80,2023-09-28,2023-10-27,1932.883495591114,3
1159,80,2023-10-28,2023-11-26,1371.4409352385987,3
1160,80,2023-11-27,2023-12-26,1761.264758623324,3
370,15,2023-01-31,2023-03-01,549.8202829608629,3
371,15,2023-03-02,2023-03-31,1867.3682277593098,3
372,15,2023-04-01,2023-04-30,1336.0243258331593,3
373,15,2023-05-01,2023-05-30,1887.8268925800664,3
374,15,2023-05-31,2023-06-29,1042.867919215665,3
375,15,2023-06-30,2023-07-29,1011.861555143154,3
376,15,2023-07-30,2023-08-28,1892.8285011520118,3
377,15,2023-08-29,2023-09-27,1029.8089617687697,3
378,15,2023-09-28,2023-10-27,1811.0684130456143,3
379,15,2023-10-28,2023-11-26,1777.7556330474931,3
380,15,2023-11-27,2023-12-26,1991.1562592040582,3
381,16,2023-01-01,2023-01-30,1442.9722537695736,3
382,16,2023-01-31,2023-03-01,1006.4981422957289,3
383,16,2023-03-02,2023-03-31,865.9891996120657,3
384,16,2023-04-01,2023-04-30,953.3186422986838,3
385,16,2023-05-01,2023-05-30,885.7974912377507,3
386,16,2023-05-31,2023-06-29,1635.7458590265717,3
387,16,2023-06-30,2023-07-29,1592.7997060936561,3
388,16,2023-07-30,2023-08-28,687.9013186380992,3
389,16,2023-08-29,2023-09-27,1988.3104318476878,3
390,16,2023-09-28,2023-10-27,1699.9341250748405,3
391,16,2023-10-28,2023-11-26,539.9101442183253,3
392,16,2023-11-27,2023-12-26,941.6080282782084,3
393,17,2023-01-01,2023-01-30,811.4049995260515,3
394,17,2023-01-31,2023-03-01,1465.8767588497524,3
395,17,2023-03-02,2023-03-31,830.5769461491207,3
396,17,2023-04-01,2023-04-30,1865.502879824642,3
397,17,2023-05-01,2023-05-30,510.5543962249213,3
398,17,2023-05-31,2023-06-29,1160.3357613793032,3
399,17,2023-06-30,2023-07-29,1635.3663459563495,3
400,17,2023-07-30,2023-08-28,869.393274173359,3
401,17,2023-08-29,2023-09-27,1270.8706210693008,3
402,17,2023-09-28,2023-10-27,1693.0913872961542,3
403,17,2023-10-28,2023-11-26,1964.548046416034,3
404,17,2023-11-27,2023-12-26,1949.366069551539,3
405,18,2023-01-01,2023-01-30,1614.7155302797182,3
406,18,2023-01-31,2023-03-01,1063.6859161180025,3
407,18,2023-03-02,2023-03-31,1521.2013005619406,3
408,18,2023-04-01,2023-04-30,878.3434825347717,3
409,18,2023-05-01,2023-05-30,1162.628393359249,3
410,18,2023-05-31,2023-06-29,1157.8298327039142,3
411,18,2023-06-30,2023-07-29,1136.8453519823988,3
412,18,2023-07-30,2023-08-28,954.7943009513041,3
413,18,2023-08-29,2023-09-27,1675.0730833385728,3
414,18,2023-09-28,2023-10-27,1537.5298611215771,3
415,18,2023-10-28,2023-11-26,738.402798583014,3
416,18,2023-11-27,2023-12-26,997.1824555162088,3
417,19,2023-01-01,2023-01-30,1548.7133009148085,3
418,19,2023-01-31,2023-03-01,1815.9584296429805,3
419,19,2023-03-02,2023-03-31,1962.9262003764275,3
420,19,2023-04-01,2023-04-30,1041.954655143676,3
421,19,2023-05-01,2023-05-30,640.9522057042309,3
422,19,2023-05-31,2023-06-29,1998.5195023583806,3
423,19,2023-06-30,2023-07-29,1283.348964480561,3
424,19,2023-07-30,2023-08-28,1353.2569390836718,3
425,19,2023-08-29,2023-09-27,1967.9987930483012,3
426,19,2023-09-28,2023-10-27,800.614912162524,3
427,19,2023-10-28,2023-11-26,1148.5544163930742,3
428,19,2023-11-27,2023-12-26,1542.987770761612,3
1161,81,2023-01-01,2023-01-30,1202.3119364295853,3
1162,81,2023-01-31,2023-03-01,851.2487855074435,3
1163,81,2023-03-02,2023-03-31,1666.4655690257837,3
1164,81,2023-04-01,2023-04-30,1394.124454415185,3
1165,81,2023-05-01,2023-05-30,652.6046371045305,3
1166,81,2023-05-31,2023-06-29,1292.8834011056063,3
1167,81,2023-06-30,2023-07-29,659.7019918929532,3
1168,81,2023-07-30,2023-08-28,1192.8883232891587,3
1169,81,2023-08-29,2023-09-27,998.7032975760924,3
438,20,2023-09-28,2023-10-27,1235.506099160285,3
439,20,2023-10-28,2023-11-26,768.1998276229187,3
440,20,2023-11-27,2023-12-26,1127.5022795546643,3
441,21,2023-01-01,2023-01-30,804.2111747934766,3
442,21,2023-01-31,2023-03-01,1825.9518634445053,3
443,21,2023-03-02,2023-03-31,1013.1032274442863,3
444,21,2023-04-01,2023-04-30,782.781493504965,3
445,21,2023-05-01,2023-05-30,583.2356126867039,3
446,21,2023-05-31,2023-06-29,1304.1654697119156,3
447,21,2023-06-30,2023-07-29,1827.9139169577568,3
448,21,2023-07-30,2023-08-28,1445.741794196617,3
449,21,2023-08-29,2023-09-27,1312.334889480217,3
450,21,2023-09-28,2023-10-27,1670.6938473875102,3
451,21,2023-10-28,2023-11-26,975.5380945671399,3
452,21,2023-11-27,2023-12-26,654.8001595280052,3
453,22,2023-01-01,2023-01-30,1322.4205087913215,3
454,22,2023-01-31,2023-03-01,1413.927899177796,3
455,22,2023-03-02,2023-03-31,1219.8462355959766,3
456,22,2023-04-01,2023-04-30,1693.0784256860948,3
457,22,2023-05-01,2023-05-30,502.7743690545643,3
458,22,2023-05-31,2023-06-29,1157.9543583851844,3
459,22,2023-06-30,2023-07-29,1408.5018456776697,3
460,22,2023-07-30,2023-08-28,1420.2824286830437,3
461,22,2023-08-29,2023-09-27,1487.335854934909,3
462,22,2023-09-28,2023-10-27,1854.2351119390678,3
463,22,2023-10-28,2023-11-26,1799.232519559881,3
464,22,2023-11-27,2023-12-26,1466.1723768109193,3
465,23,2023-01-01,2023-01-30,1617.4074959758675,3
466,23,2023-01-31,2023-03-01,1524.1319203317644,3
467,23,2023-03-02,2023-03-31,1683.6775626213882,3
468,23,2023-04-01,2023-04-30,1998.6693472402214,3
469,23,2023-05-01,2023-05-30,1135.9709077588882,3
470,23,2023-05-31,2023-06-29,1755.7742231199359,3
471,23,2023-06-30,2023-07-29,1572.6261619014344,3
472,23,2023-07-30,2023-08-28,1364.6154000064553,3
473,23,2023-08-29,2023-09-27,951.8227208806932,3
474,23,2023-09-28,2023-10-27,707.7939318095525,3
475,23,2023-10-28,2023-11-26,1299.9508729867316,3
476,23,2023-11-27,2023-12-26,1511.0012629900775,3
477,24,2023-01-01,2023-01-30,1689.3767989363223,3
478,24,2023-01-31,2023-03-01,1158.1543201133486,3
479,24,2023-03-02,2023-03-31,1420.7577690565026,3
480,24,2023-04-01,2023-04-30,1633.0816604095703,3
481,24,2023-05-01,2023-05-30,1747.0566626303687,3
482,24,2023-05-31,2023-06-29,898.5172982730852,3
483,24,2023-06-30,2023-07-29,1650.6939512474169,3
484,24,2023-07-30,2023-08-28,1503.3490674491131,3
485,24,2023-08-29,2023-09-27,948.927597416022,3
486,24,2023-09-28,2023-10-27,1394.1790037900068,3
487,24,2023-10-28,2023-11-26,1968.6153622843124,3
488,24,2023-11-27,2023-12-26,1160.7583845103018,3
489,25,2023-01-01,2023-01-30,1127.827016801214,3
490,25,2023-01-31,2023-03-01,987.1337980651496,3
491,25,2023-03-02,2023-03-31,714.7460538824996,3
492,25,2023-04-01,2023-04-30,645.7053852205242,3
493,25,2023-05-01,2023-05-30,694.2511271453626,3
494,25,2023-05-31,2023-06-29,1770.0439375049245,3
495,25,2023-06-30,2023-07-29,1056.6252515893775,3
496,25,2023-07-30,2023-08-28,720.0604450998064,3
1170,81,2023-09-28,2023-10-27,1542.0680892868595,3
1171,81,2023-10-28,2023-11-26,1543.0050077227424,3
1172,81,2023-11-27,2023-12-26,639.6322172002651,3
1173,82,2023-01-01,2023-01-30,1717.5391364613972,3
1174,82,2023-01-31,2023-03-01,1599.062811790431,3
1175,82,2023-03-02,2023-03-31,1517.6219571538463,3
1176,82,2023-04-01,2023-04-30,1964.4500671670708,3
1177,82,2023-05-01,2023-05-30,994.4122523797748,3
1178,82,2023-05-31,2023-06-29,900.605179727407,3
506,26,2023-05-31,2023-06-29,1673.1820014847885,3
507,26,2023-06-30,2023-07-29,739.938876819499,3
508,26,2023-07-30,2023-08-28,1960.116642917593,3
509,26,2023-08-29,2023-09-27,1401.2953381139205,3
510,26,2023-09-28,2023-10-27,846.581646888727,3
511,26,2023-10-28,2023-11-26,1621.752013985148,3
512,26,2023-11-27,2023-12-26,624.698219030556,3
513,27,2023-01-01,2023-01-30,526.7362962812078,3
514,27,2023-01-31,2023-03-01,540.4031573657709,3
515,27,2023-03-02,2023-03-31,1089.3931345078845,3
516,27,2023-04-01,2023-04-30,1420.1797654391303,3
517,27,2023-05-01,2023-05-30,1537.1450601311783,3
518,27,2023-05-31,2023-06-29,1632.085142141549,3
519,27,2023-06-30,2023-07-29,1464.8543529948815,3
520,27,2023-07-30,2023-08-28,1148.2315366997682,3
521,27,2023-08-29,2023-09-27,519.3633110262017,3
522,27,2023-09-28,2023-10-27,1845.5493348153957,3
523,27,2023-10-28,2023-11-26,1303.1831420491026,3
524,27,2023-11-27,2023-12-26,738.1757252919853,3
525,28,2023-01-01,2023-01-30,526.6184222727638,3
526,28,2023-01-31,2023-03-01,1352.5895963213784,3
527,28,2023-03-02,2023-03-31,1271.5083352803836,3
528,28,2023-04-01,2023-04-30,718.5257473845938,3
529,28,2023-05-01,2023-05-30,1700.0377813307812,3
530,28,2023-05-31,2023-06-29,1013.201396672196,3
531,28,2023-06-30,2023-07-29,816.9243832641823,3
532,28,2023-07-30,2023-08-28,710.7516472673311,3
533,28,2023-08-29,2023-09-27,1534.7010306797922,3
534,28,2023-09-28,2023-10-27,1320.4411944972617,2
535,28,2023-10-28,2023-11-26,1941.8817080125118,3
536,28,2023-11-27,2023-12-26,1822.0990311568164,3
537,29,2023-01-01,2023-01-30,1256.5713360837408,3
538,29,2023-01-31,2023-03-01,588.0643147829594,3
539,29,2023-03-02,2023-03-31,1198.2057659478262,3
540,29,2023-04-01,2023-04-30,1067.0125449519273,3
541,29,2023-05-01,2023-05-30,975.9780382791516,3
542,29,2023-05-31,2023-06-29,621.2673146206213,3
543,29,2023-06-30,2023-07-29,658.2805907576139,3
544,29,2023-07-30,2023-08-28,1109.255610532929,3
545,29,2023-08-29,2023-09-27,800.174973587152,3
546,29,2023-09-28,2023-10-27,1700.846025842173,3
547,29,2023-10-28,2023-11-26,1207.8495673068244,3
548,29,2023-11-27,2023-12-26,1418.57352149596,3
549,30,2023-01-01,2023-01-30,1568.4100820751773,3
550,30,2023-01-31,2023-03-01,1704.1906919571793,3
551,30,2023-03-02,2023-03-31,1815.9283157340788,3
552,30,2023-04-01,2023-04-30,1036.1169881578678,3
553,30,2023-05-01,2023-05-30,735.566525409545,3
554,30,2023-05-31,2023-06-29,1349.0396114607793,3
555,30,2023-06-30,2023-07-29,685.0661193807388,3
556,30,2023-07-30,2023-08-28,895.5746965908932,3
557,30,2023-08-29,2023-09-27,1804.6319816481382,3
558,30,2023-09-28,2023-10-27,1600.0714583330953,3
559,30,2023-10-28,2023-11-26,1538.3385780005788,3
560,30,2023-11-27,2023-12-26,859.2388819269393,3
561,31,2023-01-01,2023-01-30,985.0464799882508,3
562,31,2023-01-31,2023-03-01,712.1736205004602,3
563,31,2023-03-02,2023-03-31,1711.004094516807,3
564,31,2023-04-01,2023-04-30,1079.2542812754475,3
1179,82,2023-06-30,2023-07-29,1992.2040248215733,3
1180,82,2023-07-30,2023-08-28,682.457939256333,3
1181,82,2023-08-29,2023-09-27,1370.8890569806026,3
1182,82,2023-09-28,2023-10-27,639.3836893889079,3
1183,82,2023-10-28,2023-11-26,698.4013177927137,3
1184,82,2023-11-27,2023-12-26,865.4503012715464,3
1185,83,2023-01-01,2023-01-30,1387.7565830826325,3
1186,83,2023-01-31,2023-03-01,1163.6966603992091,3
1187,83,2023-03-02,2023-03-31,1571.2092271975628,3
574,32,2023-01-31,2023-03-01,922.9513627302813,3
575,32,2023-03-02,2023-03-31,953.8053903671223,3
576,32,2023-04-01,2023-04-30,1386.379388810075,3
577,32,2023-05-01,2023-05-30,1310.9675677763694,3
578,32,2023-05-31,2023-06-29,1732.0107847549034,3
579,32,2023-06-30,2023-07-29,1338.1248790510083,3
580,32,2023-07-30,2023-08-28,1982.9733567962592,3
581,32,2023-08-29,2023-09-27,912.5564413616876,3
582,32,2023-09-28,2023-10-27,921.2207063855485,3
583,32,2023-10-28,2023-11-26,1738.242558302398,3
584,32,2023-11-27,2023-12-26,1473.7387597041156,3
585,33,2023-01-01,2023-01-30,699.0796578522421,3
586,33,2023-01-31,2023-03-01,655.233690419891,3
587,33,2023-03-02,2023-03-31,1413.500373597326,3
588,33,2023-04-01,2023-04-30,1253.2285808947115,3
589,33,2023-05-01,2023-05-30,1526.678250145007,3
590,33,2023-05-31,2023-06-29,1633.7433328828272,3
591,33,2023-06-30,2023-07-29,1768.473388387186,3
592,33,2023-07-30,2023-08-28,1173.696836463659,3
593,33,2023-08-29,2023-09-27,1263.9342777804998,3
594,33,2023-09-28,2023-10-27,1739.376896625071,3
595,33,2023-10-28,2023-11-26,984.7220542817832,3
596,33,2023-11-27,2023-12-26,1540.248681685087,2
597,34,2023-01-01,2023-01-30,1285.3878684498866,3
598,34,2023-01-31,2023-03-01,1459.0766782151697,3
599,34,2023-03-02,2023-03-31,760.7529072482212,3
600,34,2023-04-01,2023-04-30,1962.520211159436,3
601,34,2023-05-01,2023-05-30,1460.7251560361026,3
602,34,2023-05-31,2023-06-29,1281.5894779708092,3
603,34,2023-06-30,2023-07-29,1378.656802827476,3
604,34,2023-07-30,2023-08-28,709.7711146988397,3
605,34,2023-08-29,2023-09-27,775.4280119491043,3
606,34,2023-09-28,2023-10-27,1152.9110501541004,3
607,34,2023-10-28,2023-11-26,1503.4736791964406,3
608,34,2023-11-27,2023-12-26,1905.9613116508572,3
609,35,2023-01-01,2023-01-30,1737.1520001179913,3
610,35,2023-01-31,2023-03-01,1285.5516757291216,3
611,35,2023-03-02,2023-03-31,830.6300743964374,2
612,35,2023-04-01,2023-04-30,1728.833945131073,3
613,35,2023-05-01,2023-05-30,1196.6330278705964,3
614,35,2023-05-31,2023-06-29,674.2632967887565,3
615,35,2023-06-30,2023-07-29,1260.9345803751212,3
616,35,2023-07-30,2023-08-28,1533.4543521790765,3
617,35,2023-08-29,2023-09-27,1112.9579165707369,3
618,35,2023-09-28,2023-10-27,1051.3305414229924,3
619,35,2023-10-28,2023-11-26,1943.0579060674859,3
620,35,2023-11-27,2023-12-26,707.1872064955435,3
621,36,2023-01-01,2023-01-30,1352.8305098957412,3
622,36,2023-01-31,2023-03-01,1853.6158061342628,3
623,36,2023-03-02,2023-03-31,1125.3761095004145,3
624,36,2023-04-01,2023-04-30,667.7987475009536,3
625,36,2023-05-01,2023-05-30,1379.749034830456,3
626,36,2023-05-31,2023-06-29,1843.2367101615164,3
627,36,2023-06-30,2023-07-29,1102.8221335702758,3
628,36,2023-07-30,2023-08-28,1720.5949431316,3
629,36,2023-08-29,2023-09-27,1374.796190778443,3
630,36,2023-09-28,2023-10-27,1467.8786981378998,3
631,36,2023-10-28,2023-11-26,905.4825912398078,3
632,36,2023-11-27,2023-12-26,1144.3192072380252,3
1188,83,2023-04-01,2023-04-30,805.9086499293891,3
1189,83,2023-05-01,2023-05-30,1767.8559924335862,3
1190,83,2023-05-31,2023-06-29,949.3674747798632,3
1191,83,2023-06-30,2023-07-29,1589.5221706655323,3
1192,83,2023-07-30,2023-08-28,961.3236118336853,3
1193,83,2023-08-29,2023-09-27,1980.9773311600904,3
1194,83,2023-09-28,2023-10-27,663.5534555529481,3
1195,83,2023-10-28,2023-11-26,1264.7944669775743,2
1196,83,2023-11-27,2023-12-26,1413.6596438939969,3
642,37,2023-09-28,2023-10-27,1213.2483445855487,3
643,37,2023-10-28,2023-11-26,1306.8234833619645,3
644,37,2023-11-27,2023-12-26,1437.1089403116832,3
645,38,2023-01-01,2023-01-30,898.9387142937953,3
646,38,2023-01-31,2023-03-01,973.7899745773634,3
647,38,2023-03-02,2023-03-31,1173.4388260069063,3
648,38,2023-04-01,2023-04-30,1711.8264314553994,3
649,38,2023-05-01,2023-05-30,1719.920158010984,3
650,38,2023-05-31,2023-06-29,687.1458100278876,3
651,38,2023-06-30,2023-07-29,1895.9480840946194,3
652,38,2023-07-30,2023-08-28,1834.3574072246654,3
653,38,2023-08-29,2023-09-27,547.4140405004058,3
654,38,2023-09-28,2023-10-27,1237.8537175326724,3
655,38,2023-10-28,2023-11-26,894.3514537053788,3
656,38,2023-11-27,2023-12-26,898.1076579663134,3
657,39,2023-01-01,2023-01-30,1978.346988890134,3
658,39,2023-01-31,2023-03-01,581.7347708144358,3
659,39,2023-03-02,2023-03-31,1243.8587722804582,3
660,39,2023-04-01,2023-04-30,1596.337428601052,3
661,39,2023-05-01,2023-05-30,670.5364433704343,3
662,39,2023-05-31,2023-06-29,834.5508475120112,3
663,39,2023-06-30,2023-07-29,981.6868871586198,3
664,39,2023-07-30,2023-08-28,1549.243978744537,3
665,39,2023-08-29,2023-09-27,1970.245309428664,3
666,39,2023-09-28,2023-10-27,911.8921870477718,3
667,39,2023-10-28,2023-11-26,1934.9709775955803,3
668,39,2023-11-27,2023-12-26,1953.1353632021264,3
669,40,2023-01-01,2023-01-30,668.0894583873849,3
670,40,2023-01-31,2023-03-01,1704.9540969989514,3
671,40,2023-03-02,2023-03-31,1051.5057590689614,3
672,40,2023-04-01,2023-04-30,825.800888665741,3
673,40,2023-05-01,2023-05-30,1408.3741117019804,3
674,40,2023-05-31,2023-06-29,576.3251206250158,3
675,40,2023-06-30,2023-07-29,536.7923019473783,3
676,40,2023-07-30,2023-08-28,1708.781279626387,3
677,40,2023-08-29,2023-09-27,1716.6461716879837,3
678,40,2023-09-28,2023-10-27,1516.739389616291,3
679,40,2023-10-28,2023-11-26,786.9937067639714,3
680,40,2023-11-27,2023-12-26,1996.9468349282627,3
681,41,2023-01-01,2023-01-30,1526.4906504989672,3
682,41,2023-01-31,2023-03-01,565.4711193221194,3
683,41,2023-03-02,2023-03-31,1867.0566688687775,3
684,41,2023-04-01,2023-04-30,718.0909660949128,3
685,41,2023-05-01,2023-05-30,709.7310773679003,3
686,41,2023-05-31,2023-06-29,1407.4580306488,3
687,41,2023-06-30,2023-07-29,1504.8602286858536,3
688,41,2023-07-30,2023-08-28,1305.5262431080969,3
689,41,2023-08-29,2023-09-27,1330.0223508072563,3
690,41,2023-09-28,2023-10-27,888.1097288383569,2
691,41,2023-10-28,2023-11-26,1886.4413664086144,3
692,41,2023-11-27,2023-12-26,1229.0065992735313,3
693,42,2023-01-01,2023-01-30,1293.6019282909629,3
694,42,2023-01-31,2023-03-01,1009.488894774431,3
695,42,2023-03-02,2023-03-31,1522.4094041366661,3
696,42,2023-04-01,2023-04-30,1873.9876469694227,3
697,42,2023-05-01,2023-05-30,1963.930520932886,3
698,42,2023-05-31,2023-06-29,748.5914434780279,3
699,42,2023-06-30,2023-07-29,1877.9909280014765,3
700,42,2023-07-30,2023-08-28,931.3279614994146,3
1197,84,2023-01-01,2023-01-30,1001.9886899303251,3
1198,84,2023-01-31,2023-03-01,928.9189858509505,3
1199,84,2023-03-02,2023-03-31,1834.3472392623348,3
1200,84,2023-04-01,2023-04-30,529.3276132479923,3
1201,84,2023-05-01,2023-05-30,1755.973097536916,3
1202,84,2023-05-31,2023-06-29,705.8055676060203,3
1203,84,2023-06-30,2023-07-29,1524.7849120022706,3
1204,84,2023-07-30,2023-08-28,943.6591358027272,3
1205,84,2023-08-29,2023-09-27,1439.0841120789275,3
710,43,2023-05-31,2023-06-29,1164.009584671146,3
711,43,2023-06-30,2023-07-29,963.1570082949402,3
712,43,2023-07-30,2023-08-28,1971.2825445032395,2
713,43,2023-08-29,2023-09-27,1255.085873316793,3
714,43,2023-09-28,2023-10-27,1473.600558786703,3
715,43,2023-10-28,2023-11-26,1777.1241372610289,3
716,43,2023-11-27,2023-12-26,1731.1082821949515,3
717,44,2023-01-01,2023-01-30,1669.8085527149342,3
718,44,2023-01-31,2023-03-01,1980.6071628830994,3
719,44,2023-03-02,2023-03-31,698.7884924324379,3
720,44,2023-04-01,2023-04-30,1873.0903391039992,3
721,44,2023-05-01,2023-05-30,969.7199502114399,3
722,44,2023-05-31,2023-06-29,1466.8745419095058,3
723,44,2023-06-30,2023-07-29,743.6216966268545,3
724,44,2023-07-30,2023-08-28,1848.1314632879323,3
725,44,2023-08-29,2023-09-27,935.918473880343,3
726,44,2023-09-28,2023-10-27,896.7886246166831,2
727,44,2023-10-28,2023-11-26,1923.2618828523086,3
728,44,2023-11-27,2023-12-26,1966.605101417466,3
729,45,2023-01-01,2023-01-30,884.0674310393774,3
730,45,2023-01-31,2023-03-01,1498.8036447095747,3
731,45,2023-03-02,2023-03-31,1010.8206586025308,3
732,45,2023-04-01,2023-04-30,832.0097124746637,3
733,45,2023-05-01,2023-05-30,1326.1873270033873,3
734,45,2023-05-31,2023-06-29,1909.5054093468402,3
735,45,2023-06-30,2023-07-29,736.7887478337202,3
736,45,2023-07-30,2023-08-28,1987.5322775455109,3
737,45,2023-08-29,2023-09-27,501.74422695422436,3
738,45,2023-09-28,2023-10-27,1197.045410125841,3
739,45,2023-10-28,2023-11-26,920.934186099542,3
740,45,2023-11-27,2023-12-26,1986.5122615938865,3
741,46,2023-01-01,2023-01-30,1621.1753465783386,3
742,46,2023-01-31,2023-03-01,1948.097160449778,3
743,46,2023-03-02,2023-03-31,914.3167531182061,3
744,46,2023-04-01,2023-04-30,1005.4550241582918,3
745,46,2023-05-01,2023-05-30,1316.4753571877666,3
746,46,2023-05-31,2023-06-29,1328.936547121296,3
747,46,2023-06-30,2023-07-29,1665.620543837233,3
748,46,2023-07-30,2023-08-28,1254.1650398243573,3
749,46,2023-08-29,2023-09-27,1048.8976868427812,3
750,46,2023-09-28,2023-10-27,825.2141956590729,3
751,46,2023-10-28,2023-11-26,1484.7837789225457,3
752,46,2023-11-27,2023-12-26,1973.6822060002467,3
753,47,2023-01-01,2023-01-30,1244.3517818484343,3
754,47,2023-01-31,2023-03-01,651.7577823970947,2
755,47,2023-03-02,2023-03-31,1468.0203844590028,3
756,47,2023-04-01,2023-04-30,1706.53020950595,3
757,47,2023-05-01,2023-05-30,1795.8756707637106,3
758,47,2023-05-31,2023-06-29,1288.3350925561094,3
759,47,2023-06-30,2023-07-29,1515.338444443438,3
760,47,2023-07-30,2023-08-28,886.1302894783016,3
761,47,2023-08-29,2023-09-27,1050.2123745024742,3
762,47,2023-09-28,2023-10-27,956.4197389049082,0
763,47,2023-10-28,2023-11-26,1546.2821051039336,3
764,47,2023-11-27,2023-12-26,1695.8836681377365,3
765,48,2023-01-01,2023-01-30,701.7587952107752,3
766,48,2023-01-31,2023-03-01,1224.7944943671832,3
767,48,2023-03-02,2023-03-31,940.7909526383121,3
768,48,2023-04-01,2023-04-30,966.9417847448047,3
1206,84,2023-09-28,2023-10-27,1274.0635175563048,3
1207,84,2023-10-28,2023-11-26,1710.3529593355076,3
1208,84,2023-11-27,2023-12-26,1045.2178302422212,3
1209,85,2023-01-01,2023-01-30,1716.430094489713,3
1210,85,2023-01-31,2023-03-01,1655.728222034833,3
1211,85,2023-03-02,2023-03-31,1239.0276027968005,3
1212,85,2023-04-01,2023-04-30,1692.3018581134145,3
1213,85,2023-05-01,2023-05-30,1015.3976089273444,3
1214,85,2023-05-31,2023-06-29,811.6613215718016,3
1215,85,2023-06-30,2023-07-29,1122.9968134939963,3
1216,85,2023-07-30,2023-08-28,1384.2532907941213,3
1217,85,2023-08-29,2023-09-27,1958.6201809086504,3
1218,85,2023-09-28,2023-10-27,1815.8263463177643,3
1219,85,2023-10-28,2023-11-26,1329.348589979038,3
1220,85,2023-11-27,2023-12-26,1040.1977179176558,3
1221,86,2023-01-01,2023-01-30,1334.1706762029,3
1222,86,2023-01-31,2023-03-01,859.3261992247739,2
1223,86,2023-03-02,2023-03-31,939.3021024707086,3
1224,86,2023-04-01,2023-04-30,1275.4411832705252,3
1225,86,2023-05-01,2023-05-30,1701.2939023617403,3
1226,86,2023-05-31,2023-06-29,1562.353454061842,3
1227,86,2023-06-30,2023-07-29,853.1965133290942,3
1228,86,2023-07-30,2023-08-28,882.8649621975982,3
1229,86,2023-08-29,2023-09-27,765.2766381839158,3
1230,86,2023-09-28,2023-10-27,678.3843537430528,3
1231,86,2023-10-28,2023-11-26,1153.4133231273233,3
1232,86,2023-11-27,2023-12-26,1556.8045184084608,3
1233,87,2023-01-01,2023-01-30,1047.187686807688,3
1234,87,2023-01-31,2023-03-01,651.9289188978195,3
1235,87,2023-03-02,2023-03-31,1053.6745357875648,3
1236,87,2023-04-01,2023-04-30,1476.4452152038739,3
1237,87,2023-05-01,2023-05-30,517.4563986247925,3
1238,87,2023-05-31,2023-06-29,1988.6687913224614,3
1239,87,2023-06-30,2023-07-29,1927.3602087873558,3
1240,87,2023-07-30,2023-08-28,1685.18966387334,3
1241,87,2023-08-29,2023-09-27,1831.5508975797939,3
1242,87,2023-09-28,2023-10-27,1187.2675665672054,3
1243,87,2023-10-28,2023-11-26,688.8895268727358,3
1244,87,2023-11-27,2023-12-26,1362.2842320706218,3
1245,88,2023-01-01,2023-01-30,1040.6489466521384,3
1246,88,2023-01-31,2023-03-01,1185.897641130186,3
1247,88,2023-03-02,2023-03-31,743.8326025048176,3
1248,88,2023-04-01,2023-04-30,1081.9995683506909,3
1249,88,2023-05-01,2023-05-30,1579.9093919396462,3
1250,88,2023-05-31,2023-06-29,1461.3525414859218,3
1251,88,2023-06-30,2023-07-29,1487.1610756808814,3
1252,88,2023-07-30,2023-08-28,1462.7055832605365,3
1253,88,2023-08-29,2023-09-27,1645.4594409464505,3
1254,88,2023-09-28,2023-10-27,1092.555214001554,3
1255,88,2023-10-28,2023-11-26,1437.2105471390937,3
1256,88,2023-11-27,2023-12-26,886.895866706689,3
1257,89,2023-01-01,2023-01-30,1399.8569492859378,3
1258,89,2023-01-31,2023-03-01,1614.9140586220026,3
1259,89,2023-03-02,2023-03-31,898.11008767215,3
1260,89,2023-04-01,2023-04-30,1322.140324794781,3
1261,89,2023-05-01,2023-05-30,702.1749593403401,3
1262,89,2023-05-31,2023-06-29,786.8219905853377,3
1263,89,2023-06-30,2023-07-29,804.0115208295244,3
1264,89,2023-07-30,2023-08-28,855.9629751693428,3
1265,89,2023-08-29,2023-09-27,737.5552800322217,3
1266,89,2023-09-28,2023-10-27,1571.2899811171005,3
1267,89,2023-10-28,2023-11-26,1728.8412176985776,3
1268,89,2023-11-27,2023-12-26,863.763482311588,3
1269,90,2023-01-01,2023-01-30,1236.314035744698,3
1270,90,2023-01-31,2023-03-01,753.6723623846527,3
1271,90,2023-03-02,2023-03-31,726.8532966110391,3
1272,90,2023-04-01,2023-04-30,1509.5822745722728,3
1273,90,2023-05-01,2023-05-30,1199.3084718809155,3
1274,90,2023-05-31,2023-06-29,867.7238158575133,3
1275,90,2023-06-30,2023-07-29,1264.4950090595562,3
1276,90,2023-07-30,2023-08-28,1827.1649096261215,3
1277,90,2023-08-29,2023-09-27,1178.169691563467,3
1278,90,2023-09-28,2023-10-27,1454.9485710779973,3
1279,90,2023-10-28,2023-11-26,1391.9777984102445,3
1280,90,2023-11-27,2023-12-26,565.6010097003376,3
1281,91,2023-01-01,2023-01-30,1183.558109825387,3
1282,91,2023-01-31,2023-03-01,888.192428431043,3
1283,91,2023-03-02,2023-03-31,1929.2013883741274,3
1284,91,2023-04-01,2023-04-30,1311.546852741632,3
1285,91,2023-05-01,2023-05-30,561.9988834074917,3
1286,91,2023-05-31,2023-06-29,552.1942984616721,3
1287,91,2023-06-30,2023-07-29,1225.9098325594682,3
1288,91,2023-07-30,2023-08-28,1553.6418966070612,3
1289,91,2023-08-29,2023-09-27,1030.5688797112023,3
1290,91,2023-09-28,2023-10-27,1967.9618446376292,3
1291,91,2023-10-28,2023-11-26,1343.3757732168833,3
1292,91,2023-11-27,2023-12-26,960.6049674610831,3
1293,92,2023-01-01,2023-01-30,1534.221211299627,3
1294,92,2023-01-31,2023-03-01,1608.7702635075252,3
1295,92,2023-03-02,2023-03-31,1440.036754743262,3
1296,92,2023-04-01,2023-04-30,1004.9635792787228,3
1297,92,2023-05-01,2023-05-30,524.6710803004888,3
1298,92,2023-05-31,2023-06-29,1777.3628363522591,3
1299,92,2023-06-30,2023-07-29,1296.0603842374137,3
1300,92,2023-07-30,2023-08-28,1637.684919337892,3
1301,92,2023-08-29,2023-09-27,587.9859439537486,3
1302,92,2023-09-28,2023-10-27,687.5885040326356,3
1303,92,2023-10-28,2023-11-26,571.68428508266,3
1304,92,2023-11-27,2023-12-26,1967.9152623728678,3
1305,93,2023-01-01,2023-01-30,1328.3771388261484,3
1306,93,2023-01-31,2023-03-01,1493.5573816600872,3
1307,93,2023-03-02,2023-03-31,1344.3536458876815,3
1308,93,2023-04-01,2023-04-30,509.103106723168,3
1309,93,2023-05-01,2023-05-30,1895.3246265755283,3
1310,93,2023-05-31,2023-06-29,1481.1818995773424,3
1311,93,2023-06-30,2023-07-29,1489.1471842219173,3
1359,97,2023-06-30,2023-07-29,730.6201704343582,3
1360,97,2023-07-30,2023-08-28,1519.3266694637016,3
1361,97,2023-08-29,2023-09-27,1212.665856873369,3
1362,97,2023-09-28,2023-10-27,1414.5808764804576,3
1363,97,2023-10-28,2023-11-26,1346.4219284111925,3
1364,97,2023-11-27,2023-12-26,894.5033819462178,3
1365,98,2023-01-01,2023-01-30,1844.8255014058836,3
1366,98,2023-01-31,2023-03-01,1643.7239898994108,3
1367,98,2023-03-02,2023-03-31,864.2634721626619,3
1368,98,2023-04-01,2023-04-30,1827.9046701905615,3
1369,98,2023-05-01,2023-05-30,614.6125507503083,3
1370,98,2023-05-31,2023-06-29,735.245493039956,3
1371,98,2023-06-30,2023-07-29,561.6731366177505,3
1372,98,2023-07-30,2023-08-28,1506.1958539103239,3
1373,98,2023-08-29,2023-09-27,1935.7837247869502,3
1374,98,2023-09-28,2023-10-27,1833.2829199300095,3
1375,98,2023-10-28,2023-11-26,825.6688440301259,2
1376,98,2023-11-27,2023-12-26,1270.372859646502,3
1377,99,2023-01-01,2023-01-30,787.099622882618,3
1378,99,2023-01-31,2023-03-01,1446.6757034044072,3
1379,99,2023-03-02,2023-03-31,1852.474189464586,3
1380,99,2023-04-01,2023-04-30,800.3998130710054,3
1381,99,2023-05-01,2023-05-30,1358.5943282821434,3
1382,99,2023-05-31,2023-06-29,948.2855356498665,3
1383,99,2023-06-30,2023-07-29,664.0605575670222,3
1384,99,2023-07-30,2023-08-28,959.0529489556429,3
1385,99,2023-08-29,2023-09-27,1080.17218605835,3
1386,99,2023-09-28,2023-10-27,1255.7395904001205,3
1387,99,2023-10-28,2023-11-26,757.0368632069496,3
1388,99,2023-11-27,2023-12-26,1512.5855211164824,3
1389,100,2023-01-01,2023-01-30,1127.6416024949235,3
1390,100,2023-01-31,2023-03-01,1378.2175455529687,3
1391,100,2023-03-02,2023-03-31,1779.566191161524,3
1392,100,2023-04-01,2023-04-30,1020.6982104134285,3
1393,100,2023-05-01,2023-05-30,501.1470860301333,3
1394,100,2023-05-31,2023-06-29,893.8331676590622,3
1395,100,2023-06-30,2023-07-29,1808.1505696355046,3
1396,100,2023-07-30,2023-08-28,1796.1784160934496,3
1397,100,2023-08-29,2023-09-27,1983.8202763077488,3
1398,100,2023-09-28,2023-10-27,963.46543936154,3
1399,100,2023-10-28,2023-11-26,1584.3128812182308,3
1400,100,2023-11-27,2023-12-26,1302.3531219145088,3
914,60,2023-05-31,2023-06-29,1544.8433048865418,3
915,60,2023-06-30,2023-07-29,1295.3101708121155,3
916,60,2023-07-30,2023-08-28,666.7079447281274,3
917,60,2023-08-29,2023-09-27,1425.8632514033538,3
918,60,2023-09-28,2023-10-27,1713.2043277002442,3
919,60,2023-10-28,2023-11-26,695.3835151410796,3
920,60,2023-11-27,2023-12-26,1981.7066178434636,2
921,61,2023-01-01,2023-01-30,572.8079386988837,3
922,61,2023-01-31,2023-03-01,521.1962785465687,3
923,61,2023-03-02,2023-03-31,592.664830851111,3
924,61,2023-04-01,2023-04-30,1133.0484308574883,3
925,61,2023-05-01,2023-05-30,550.1031246920436,3
926,61,2023-05-31,2023-06-29,1524.0044358543448,3
927,61,2023-06-30,2023-07-29,927.959909948484,3
928,61,2023-07-30,2023-08-28,1505.3442685107934,3
929,61,2023-08-29,2023-09-27,605.7056879327072,3
930,61,2023-09-28,2023-10-27,1092.7103593433794,3
931,61,2023-10-28,2023-11-26,1418.3294087012732,3
932,61,2023-11-27,2023-12-26,1326.9403625220116,3
933,62,2023-01-01,2023-01-30,1624.5237528617615,3
934,62,2023-01-31,2023-03-01,1701.7009851985865,3
935,62,2023-03-02,2023-03-31,1825.6654542558226,3
936,62,2023-04-01,2023-04-30,521.3035806678184,3
937,62,2023-05-01,2023-05-30,1003.2783654308585,3
938,62,2023-05-31,2023-06-29,1950.6573673006385,3
939,62,2023-06-30,2023-07-29,676.8121880339357,3
940,62,2023-07-30,2023-08-28,1261.2810769643033,3
941,62,2023-08-29,2023-09-27,1766.1323365089563,3
942,62,2023-09-28,2023-10-27,1476.4340530929476,3
943,62,2023-10-28,2023-11-26,1535.1435591827126,3
944,62,2023-11-27,2023-12-26,1947.9738172976922,3
945,63,2023-01-01,2023-01-30,1542.8667251657566,3
946,63,2023-01-31,2023-03-01,507.56611577325424,3
947,63,2023-03-02,2023-03-31,737.9654148939417,3
948,63,2023-04-01,2023-04-30,1524.5134044440317,3
949,63,2023-05-01,2023-05-30,902.5615840008097,3
950,63,2023-05-31,2023-06-29,1305.256011388343,3
951,63,2023-06-30,2023-07-29,741.7053256297384,3
952,63,2023-07-30,2023-08-28,610.6238905980053,3
953,63,2023-08-29,2023-09-27,1065.2799301359348,3
954,63,2023-09-28,2023-10-27,620.5381015693226,2
955,63,2023-10-28,2023-11-26,997.8497383095635,3
956,63,2023-11-27,2023-12-26,942.7412927354374,3
957,64,2023-01-01,2023-01-30,1633.260891233958,3
958,64,2023-01-31,2023-03-01,1075.111473248356,3
959,64,2023-03-02,2023-03-31,1141.7422884218565,3
960,64,2023-04-01,2023-04-30,556.1584839216819,3
961,64,2023-05-01,2023-05-30,1017.8323327856683,3
62,52,2023-10-29,2023-11-28,402.2636736008033,3
63,66,2023-03-29,2023-04-28,823.2027500150831,3
64,28,2023-12-24,2024-01-23,773.9411341062167,3
65,8,2023-09-04,2023-10-04,112.28209009468654,2
66,38,2023-10-13,2023-11-12,668.4135520013767,3
67,25,2023-04-19,2023-05-19,246.29225696597155,3
68,75,2023-02-20,2023-03-22,134.83059317025848,3
131,25,2023-06-04,2023-07-04,539.3802503882785,3
132,99,2023-07-09,2023-08-08,896.4872495184957,3
133,14,2023-01-08,2023-02-07,211.8785353939458,3
134,38,2023-03-27,2023-04-26,172.69227617886156,3
135,32,2023-10-16,2023-11-15,539.6878330412782,3
136,64,2023-07-05,2023-08-04,831.6995782180531,3
167,10,2023-11-26,2023-12-26,228.8088525198832,3
168,99,2023-12-17,2024-01-16,536.3472711724971,3
169,64,2023-02-06,2023-03-08,499.4011886501692,3
170,5,2023-12-27,2024-01-26,844.2013202312157,3
171,55,2023-09-15,2023-10-15,491.71501247530415,3
172,67,2023-12-24,2024-01-23,360.6188356427947,3
173,88,2023-03-11,2023-04-10,820.2834840232923,3
174,38,2023-07-31,2023-08-30,571.956948947934,3
175,51,2023-05-13,2023-06-12,230.2963156847839,3
176,74,2023-01-01,2023-01-31,951.7207151499603,3
177,54,2023-02-15,2023-03-17,915.1260200690689,3
178,9,2023-06-27,2023-07-27,142.2910698083049,3
179,81,2023-07-31,2023-08-30,389.86789198424475,3
180,97,2023-02-25,2023-03-27,665.8163932489756,3
181,35,2023-07-09,2023-08-08,687.4928182468599,2
182,17,2023-01-23,2023-02-22,649.0012234590044,3
183,76,2023-03-18,2023-04-17,334.7845889128627,3
184,41,2023-01-23,2023-02-22,325.87187782529867,3
185,31,2023-10-03,2023-11-02,297.9134405204293,3
186,86,2023-10-15,2023-11-14,177.38830535090904,3
187,54,2023-08-02,2023-09-01,441.61391690495515,3
188,83,2023-06-19,2023-07-19,589.7051564490555,3
189,33,2023-03-26,2023-04-25,159.45268090294613,3
190,52,2023-06-24,2023-07-24,172.76150710863362,3
191,43,2023-02-17,2023-03-19,437.32560329111453,3
192,94,2023-11-20,2023-12-20,112.00516924043058,3
193,67,2023-04-23,2023-05-23,965.2566478882252,3
194,68,2023-11-10,2023-12-10,403.5171408694483,3
195,63,2023-09-04,2023-10-04,370.7672952498667,3
196,11,2023-05-23,2023-06-22,149.59130612965308,3
197,64,2023-10-14,2023-11-13,256.2503087421307,3
198,35,2023-01-30,2023-03-01,763.3783107159292,3
199,41,2023-03-10,2023-04-09,674.3714324770116,3
200,43,2023-03-26,2023-04-25,783.3138440694121,3
201,1,2023-01-01,2023-01-30,548.8276358981442,3
202,1,2023-01-31,2023-03-01,630.3968380032977,3
203,1,2023-03-02,2023-03-31,1691.7869283878726,3
204,1,2023-04-01,2023-04-30,703.2858733164076,3
205,1,2023-05-01,2023-05-30,1326.8051762033779,3
206,1,2023-05-31,2023-06-29,1277.179747797791,3
207,1,2023-06-30,2023-07-29,1782.771440013633,3
208,1,2023-07-30,2023-08-28,1946.013639018798,3
209,1,2023-08-29,2023-09-27,1583.8604120250777,3
210,1,2023-09-28,2023-10-27,566.5743794126245,3
211,1,2023-10-28,2023-11-26,1635.0282553866773,3
212,1,2023-11-27,2023-12-26,540.3476288407941,3
213,2,2023-01-01,2023-01-30,664.6586480821238,3
214,2,2023-01-31,2023-03-01,1915.8394312712317,3
215,2,2023-03-02,2023-03-31,704.3485365890194,3
216,2,2023-04-01,2023-04-30,1829.873593388952,3
217,2,2023-05-01,2023-05-30,1473.4762941964746,3
218,2,2023-05-31,2023-06-29,1048.3364104620055,3
219,2,2023-06-30,2023-07-29,895.1555526737218,3
220,2,2023-07-30,2023-08-28,1934.8619679131727,3
221,2,2023-08-29,2023-09-27,1138.807798364683,3
222,2,2023-09-28,2023-10-27,1180.7492879835681,3
223,2,2023-10-28,2023-11-26,1165.660577839726,3
224,2,2023-11-27,2023-12-26,1604.1633456246013,3
225,3,2023-01-01,2023-01-30,1008.1683305652823,3
226,3,2023-01-31,2023-03-01,1116.110534422258,3
227,3,2023-03-02,2023-03-31,691.290868126628,3
228,3,2023-04-01,2023-04-30,1583.5652617008468,3
229,3,2023-05-01,2023-05-30,835.7120795384853,3
230,3,2023-05-31,2023-06-29,954.5683482565994,3
231,3,2023-06-30,2023-07-29,525.8690117985633,3
232,3,2023-07-30,2023-08-28,1045.2195558537387,3
233,3,2023-08-29,2023-09-27,910.6051848429986,3
293,8,2023-08-29,2023-09-27,1290.5231445348268,3
294,8,2023-09-28,2023-10-27,1893.002039476595,3
295,8,2023-10-28,2023-11-26,770.384187897396,3
296,8,2023-11-27,2023-12-26,1855.4617660337822,2
297,9,2023-01-01,2023-01-30,1722.925979013977,3
298,9,2023-01-31,2023-03-01,1215.5138841814266,3
299,9,2023-03-02,2023-03-31,1495.9757976145752,3
300,9,2023-04-01,2023-04-30,562.503601780503,3
301,9,2023-05-01,2023-05-30,1155.9094753570348,3
361,14,2023-05-01,2023-05-30,846.5495273298889,3
362,14,2023-05-31,2023-06-29,1276.314289808472,3
363,14,2023-06-30,2023-07-29,1117.8913387879848,3
364,14,2023-07-30,2023-08-28,755.4460104235613,3
365,14,2023-08-29,2023-09-27,944.5554403646041,3
366,14,2023-09-28,2023-10-27,1289.0843262503538,3
367,14,2023-10-28,2023-11-26,1682.6504519961697,3
368,14,2023-11-27,2023-12-26,1210.8936442922427,3
369,15,2023-01-01,2023-01-30,982.5678191520054,3
429,20,2023-01-01,2023-01-30,1901.3547099311515,3
430,20,2023-01-31,2023-03-01,694.8168808994234,3
431,20,2023-03-02,2023-03-31,1259.9828857329294,3
432,20,2023-04-01,2023-04-30,1140.8250752489516,3
433,20,2023-05-01,2023-05-30,597.863427791832,3
434,20,2023-05-31,2023-06-29,1191.8766191471736,3
435,20,2023-06-30,2023-07-29,554.6290301548976,3
436,20,2023-07-30,2023-08-28,1587.0514106436115,3
437,20,2023-08-29,2023-09-27,1006.5963538154027,3
497,25,2023-08-29,2023-09-27,744.7274314733613,3
498,25,2023-09-28,2023-10-27,641.0627552491577,3
499,25,2023-10-28,2023-11-26,592.019629255907,3
500,25,2023-11-27,2023-12-26,1812.7207661062898,3
501,26,2023-01-01,2023-01-30,1544.6807216122772,3
502,26,2023-01-31,2023-03-01,741.7423171952245,3
503,26,2023-03-02,2023-03-31,1265.9161494316659,3
504,26,2023-04-01,2023-04-30,1281.3338932972056,3
505,26,2023-05-01,2023-05-30,1784.413684556972,3
565,31,2023-05-01,2023-05-30,648.4270008311919,3
566,31,2023-05-31,2023-06-29,1661.715536695169,3
567,31,2023-06-30,2023-07-29,714.5843099939171,3
568,31,2023-07-30,2023-08-28,1067.791676051078,3
569,31,2023-08-29,2023-09-27,1678.484050990608,3
570,31,2023-09-28,2023-10-27,1678.3240583969357,3
571,31,2023-10-28,2023-11-26,1570.8119338205793,3
572,31,2023-11-27,2023-12-26,974.8294480797467,3
573,32,2023-01-01,2023-01-30,1269.757458181436,3
633,37,2023-01-01,2023-01-30,1685.72481900551,3
634,37,2023-01-31,2023-03-01,1517.9323295810082,3
635,37,2023-03-02,2023-03-31,1571.3026519788918,3
636,37,2023-04-01,2023-04-30,1797.9455674286044,3
637,37,2023-05-01,2023-05-30,1030.1607202971259,2
638,37,2023-05-31,2023-06-29,1309.9871342905512,3
639,37,2023-06-30,2023-07-29,1802.5695077164419,3
640,37,2023-07-30,2023-08-28,975.8671869921789,3
641,37,2023-08-29,2023-09-27,1883.5348171817006,3
701,42,2023-08-29,2023-09-27,718.0879080739234,3
702,42,2023-09-28,2023-10-27,1363.6654838033073,3
703,42,2023-10-28,2023-11-26,1581.0594384822384,3
704,42,2023-11-27,2023-12-26,1152.028484211311,3
705,43,2023-01-01,2023-01-30,1655.007251080563,3
706,43,2023-01-31,2023-03-01,1759.3216379656785,3
707,43,2023-03-02,2023-03-31,1407.7296517284,3
708,43,2023-04-01,2023-04-30,1702.417456285061,3
709,43,2023-05-01,2023-05-30,1070.1042279977303,3
769,48,2023-05-01,2023-05-30,1884.7796114987643,3
770,48,2023-05-31,2023-06-29,1336.9755531490696,3
771,48,2023-06-30,2023-07-29,872.9230476414817,3
772,48,2023-07-30,2023-08-28,1144.691842715399,3
773,48,2023-08-29,2023-09-27,755.3792073699537,3
774,48,2023-09-28,2023-10-27,1072.693582181478,3
775,48,2023-10-28,2023-11-26,1467.4719778220142,3
776,48,2023-11-27,2023-12-26,1730.0838034793915,3
777,49,2023-01-01,2023-01-30,1520.7008416060844,3
778,49,2023-01-31,2023-03-01,874.8949191350014,3
779,49,2023-03-02,2023-03-31,1127.339454497478,3
780,49,2023-04-01,2023-04-30,1294.3978663981122,3
781,49,2023-05-01,2023-05-30,1582.244394110628,3
782,49,2023-05-31,2023-06-29,1398.0948511131537,3
783,49,2023-06-30,2023-07-29,1615.6663415765483,3
784,49,2023-07-30,2023-08-28,1682.4758483307648,3
785,49,2023-08-29,2023-09-27,1608.4769526007751,3
786,49,2023-09-28,2023-10-27,605.7414741806364,3
787,49,2023-10-28,2023-11-26,1947.3665588239135,3
788,49,2023-11-27,2023-12-26,564.6185090552549,3
789,50,2023-01-01,2023-01-30,963.0572021838386,3
790,50,2023-01-31,2023-03-01,1645.8982665973301,3
791,50,2023-03-02,2023-03-31,1977.2147909810274,3
792,50,2023-04-01,2023-04-30,1723.3874253774532,3
793,50,2023-05-01,2023-05-30,955.9548401041463,3
794,50,2023-05-31,2023-06-29,1250.5868321145176,3
795,50,2023-06-30,2023-07-29,1522.9610682555126,3
796,50,2023-07-30,2023-08-28,1401.3471375193521,3
797,50,2023-08-29,2023-09-27,1523.3166354761656,3
798,50,2023-09-28,2023-10-27,1895.8060421685575,3
799,50,2023-10-28,2023-11-26,629.9012836028173,3
800,50,2023-11-27,2023-12-26,772.9036968441765,3
801,51,2023-01-01,2023-01-30,1577.4505804291064,3
802,51,2023-01-31,2023-03-01,567.7833159940667,3
803,51,2023-03-02,2023-03-31,1244.329029190505,3
804,51,2023-04-01,2023-04-30,1315.085267262461,3
805,51,2023-05-01,2023-05-30,843.5168152563494,3
806,51,2023-05-31,2023-06-29,799.0275357360035,3
807,51,2023-06-30,2023-07-29,1974.6580578164012,3
808,51,2023-07-30,2023-08-28,854.0153471404092,3
809,51,2023-08-29,2023-09-27,1703.1506969403163,3
810,51,2023-09-28,2023-10-27,1373.3336490561583,3
811,51,2023-10-28,2023-11-26,1822.2004797213347,3
812,51,2023-11-27,2023-12-26,524.547587038345,3
813,52,2023-01-01,2023-01-30,1815.1603951571751,3
814,52,2023-01-31,2023-03-01,1423.7677112100741,3
815,52,2023-03-02,2023-03-31,1896.0053706886208,3
816,52,2023-04-01,2023-04-30,1121.162725171541,3
817,52,2023-05-01,2023-05-30,1567.8592886669976,3
818,52,2023-05-31,2023-06-29,1201.7020370534785,3
819,52,2023-06-30,2023-07-29,1595.8672106116876,3
820,52,2023-07-30,2023-08-28,513.6812238275065,3
821,52,2023-08-29,2023-09-27,1757.1645792657505,3
822,52,2023-09-28,2023-10-27,923.0470413563087,3
823,52,2023-10-28,2023-11-26,1786.5129390299214,3
824,52,2023-11-27,2023-12-26,1700.3707683419425,3
825,53,2023-01-01,2023-01-30,1545.1352753615527,3
826,53,2023-01-31,2023-03-01,1671.9395579668644,3
827,53,2023-03-02,2023-03-31,1241.2764405460869,3
828,53,2023-04-01,2023-04-30,1059.5225690247698,3
829,53,2023-05-01,2023-05-30,895.5051862483035,3
830,53,2023-05-31,2023-06-29,831.7087007794876,3
831,53,2023-06-30,2023-07-29,1059.6806671651498,3
832,53,2023-07-30,2023-08-28,1574.2170686609522,3
833,53,2023-08-29,2023-09-27,595.840895749202,3
834,53,2023-09-28,2023-10-27,1763.6375340769778,3
835,53,2023-10-28,2023-11-26,619.8408700548139,3
836,53,2023-11-27,2023-12-26,999.8043737406067,3
837,54,2023-01-01,2023-01-30,792.3808965036869,3
838,54,2023-01-31,2023-03-01,1982.8932666911603,3
839,54,2023-03-02,2023-03-31,1309.3248964703184,3
840,54,2023-04-01,2023-04-30,1875.8462011005804,3
841,54,2023-05-01,2023-05-30,1586.561434235473,3
842,54,2023-05-31,2023-06-29,1497.3726269568363,3
843,54,2023-06-30,2023-07-29,1511.9035708078013,3
844,54,2023-07-30,2023-08-28,1230.556193783823,3
845,54,2023-08-29,2023-09-27,1338.3261708778014,3
846,54,2023-09-28,2023-10-27,689.9144862591772,3
847,54,2023-10-28,2023-11-26,678.5958426679163,3
848,54,2023-11-27,2023-12-26,846.7190675952274,3
849,55,2023-01-01,2023-01-30,1613.7285804728149,3
850,55,2023-01-31,2023-03-01,1851.976619397496,3
851,55,2023-03-02,2023-03-31,973.4432405182422,3
852,55,2023-04-01,2023-04-30,915.5069015736877,2
853,55,2023-05-01,2023-05-30,1597.2445869970693,3
854,55,2023-05-31,2023-06-29,1132.6424540210014,3
855,55,2023-06-30,2023-07-29,981.6444570550295,3
856,55,2023-07-30,2023-08-28,1943.8921525779285,3
857,55,2023-08-29,2023-09-27,983.7501882035871,3
858,55,2023-09-28,2023-10-27,649.6515149842359,3
859,55,2023-10-28,2023-11-26,1023.8183131637909,3
860,55,2023-11-27,2023-12-26,1969.9662853732118,3
861,56,2023-01-01,2023-01-30,1093.273742806683,3
862,56,2023-01-31,2023-03-01,1694.3681836368169,3
863,56,2023-03-02,2023-03-31,1118.8315665572895,2
864,56,2023-04-01,2023-04-30,1270.256637166406,3
865,56,2023-05-01,2023-05-30,906.7678923108018,2
866,56,2023-05-31,2023-06-29,1351.3537835977995,3
867,56,2023-06-30,2023-07-29,778.3890660040445,3
868,56,2023-07-30,2023-08-28,515.499637260366,3
869,56,2023-08-29,2023-09-27,671.7653003991995,3
870,56,2023-09-28,2023-10-27,687.7196668432471,2
871,56,2023-10-28,2023-11-26,1267.2535482179514,3
872,56,2023-11-27,2023-12-26,1135.8704253214926,3
873,57,2023-01-01,2023-01-30,1322.6801696621924,3
874,57,2023-01-31,2023-03-01,952.6192770766393,3
875,57,2023-03-02,2023-03-31,1303.7712035176614,3
876,57,2023-04-01,2023-04-30,678.5358742584631,3
877,57,2023-05-01,2023-05-30,1260.155318590435,3
878,57,2023-05-31,2023-06-29,1070.2550097605763,3
879,57,2023-06-30,2023-07-29,1731.0571162606736,3
880,57,2023-07-30,2023-08-28,1991.9019427924452,3
881,57,2023-08-29,2023-09-27,757.9906949714409,3
882,57,2023-09-28,2023-10-27,1187.9011396042795,3
883,57,2023-10-28,2023-11-26,750.7061069629781,3
884,57,2023-11-27,2023-12-26,842.7870756961427,3
885,58,2023-01-01,2023-01-30,1872.7681129952957,3
886,58,2023-01-31,2023-03-01,1159.3296643136111,3
887,58,2023-03-02,2023-03-31,1041.5066498592275,3
888,58,2023-04-01,2023-04-30,1984.3516561726465,3
889,58,2023-05-01,2023-05-30,1649.8714538760191,3
890,58,2023-05-31,2023-06-29,1523.7840439592499,3
891,58,2023-06-30,2023-07-29,1347.6963503408374,3
892,58,2023-07-30,2023-08-28,1640.4507352203088,3
893,58,2023-08-29,2023-09-27,1214.3253225193216,3
894,58,2023-09-28,2023-10-27,555.7892089818648,3
895,58,2023-10-28,2023-11-26,1110.9125086871936,3
896,58,2023-11-27,2023-12-26,1829.6915530936983,3
897,59,2023-01-01,2023-01-30,1012.0980340315625,3
898,59,2023-01-31,2023-03-01,1853.7578079393804,3
899,59,2023-03-02,2023-03-31,743.3274914085878,3
900,59,2023-04-01,2023-04-30,1633.7808229330956,3
901,59,2023-05-01,2023-05-30,1109.8738217348211,3
902,59,2023-05-31,2023-06-29,1791.8418322782354,3
903,59,2023-06-30,2023-07-29,1812.4955966135556,3
904,59,2023-07-30,2023-08-28,609.8518141108461,3
905,59,2023-08-29,2023-09-27,1940.1578714688292,3
906,59,2023-09-28,2023-10-27,644.7669617539409,3
907,59,2023-10-28,2023-11-26,902.2670784161089,3
908,59,2023-11-27,2023-12-26,626.3688346633065,3
909,60,2023-01-01,2023-01-30,1822.7284910160627,3
910,60,2023-01-31,2023-03-01,1090.181680600478,3
911,60,2023-03-02,2023-03-31,1667.9531246297213,3
912,60,2023-04-01,2023-04-30,1748.8197532362196,3
913,60,2023-05-01,2023-05-30,1831.156196839925,3
962,64,2023-05-31,2023-06-29,1053.2923424656838,3
963,64,2023-06-30,2023-07-29,1306.2287599083134,3
964,64,2023-07-30,2023-08-28,1041.1947066310522,3
965,64,2023-08-29,2023-09-27,709.8596546602383,3
966,64,2023-09-28,2023-10-27,1230.3014212728604,3
967,64,2023-10-28,2023-11-26,1665.0603083678054,3
968,64,2023-11-27,2023-12-26,1863.6023480963559,3
969,65,2023-01-01,2023-01-30,1520.4511487898667,3
970,65,2023-01-31,2023-03-01,968.7067556860131,3
971,65,2023-03-02,2023-03-31,1056.4465623436872,3
972,65,2023-04-01,2023-04-30,1208.3830659477571,3
973,65,2023-05-01,2023-05-30,1626.0244243214875,3
974,65,2023-05-31,2023-06-29,772.1208710262003,3
975,65,2023-06-30,2023-07-29,1789.3899797908643,3
976,65,2023-07-30,2023-08-28,1255.7642294550105,3
977,65,2023-08-29,2023-09-27,1967.323560214952,3
978,65,2023-09-28,2023-10-27,1371.8132543353827,3
979,65,2023-10-28,2023-11-26,1503.0254006049759,3
980,65,2023-11-27,2023-12-26,539.6125717307987,3
981,66,2023-01-01,2023-01-30,993.0759903688389,3
982,66,2023-01-31,2023-03-01,990.8319521653575,3
983,66,2023-03-02,2023-03-31,543.8937215851397,3
984,66,2023-04-01,2023-04-30,748.150481234391,3
985,66,2023-05-01,2023-05-30,638.7816292664305,3
986,66,2023-05-31,2023-06-29,714.7815946752221,3
987,66,2023-06-30,2023-07-29,568.1529262893674,3
988,66,2023-07-30,2023-08-28,920.3791794871538,3
989,66,2023-08-29,2023-09-27,1547.5827061984955,3
990,66,2023-09-28,2023-10-27,1257.0369260666948,3
991,66,2023-10-28,2023-11-26,1228.7798688519629,3
992,66,2023-11-27,2023-12-26,1136.9385149636798,3
993,67,2023-01-01,2023-01-30,1694.769056516781,3
994,67,2023-01-31,2023-03-01,1657.8278000538219,3
995,67,2023-03-02,2023-03-31,1904.3301656647327,3
996,67,2023-04-01,2023-04-30,548.1376383792707,3
997,67,2023-05-01,2023-05-30,1306.5422394286086,3
998,67,2023-05-31,2023-06-29,1206.0012727042035,3
999,67,2023-06-30,2023-07-29,1721.8865935908652,3
1000,67,2023-07-30,2023-08-28,1090.9045160117898,3
1001,67,2023-08-29,2023-09-27,1701.9303015905102,3
1002,67,2023-09-28,2023-10-27,1769.5410517136097,3
1003,67,2023-10-28,2023-11-26,1553.7847173722635,3
1004,67,2023-11-27,2023-12-26,776.5214028370128,3
1005,68,2023-01-01,2023-01-30,665.3579760370403,3
1006,68,2023-01-31,2023-03-01,1899.6743509536504,3
1007,68,2023-03-02,2023-03-31,1551.1237677953175,3
1008,68,2023-04-01,2023-04-30,1186.9117826723132,3
1009,68,2023-05-01,2023-05-30,1356.8175785177348,3
1010,68,2023-05-31,2023-06-29,1768.1639074238942,3
1011,68,2023-06-30,2023-07-29,1474.2557667093897,3
1012,68,2023-07-30,2023-08-28,1686.578658363948,3
1013,68,2023-08-29,2023-09-27,877.483724665612,3
1014,68,2023-09-28,2023-10-27,1951.1344771696163,3
1015,68,2023-10-28,2023-11-26,1519.3359377650502,3
1016,68,2023-11-27,2023-12-26,1474.6601928118703,3
1017,69,2023-01-01,2023-01-30,989.4841259452935,3
1018,69,2023-01-31,2023-03-01,1839.9689634677418,3
1019,69,2023-03-02,2023-03-31,1315.088838550913,3
1020,69,2023-04-01,2023-04-30,1954.2015499037757,3
1021,69,2023-05-01,2023-05-30,1252.0375153193743,3
1022,69,2023-05-31,2023-06-29,579.7962483903545,3
1023,69,2023-06-30,2023-07-29,1090.3934857586282,3
1024,69,2023-07-30,2023-08-28,1608.8540013707207,3
1025,69,2023-08-29,2023-09-27,651.1102835164824,3
1026,69,2023-09-28,2023-10-27,597.8151635138887,3
1027,69,2023-10-28,2023-11-26,697.7962853617515,3
1028,69,2023-11-27,2023-12-26,1387.5316434475812,3
1029,70,2023-01-01,2023-01-30,1373.4864233427468,3
1030,70,2023-01-31,2023-03-01,1279.651039056884,3
1031,70,2023-03-02,2023-03-31,1201.2956570250612,3
1032,70,2023-04-01,2023-04-30,1867.824796032304,3
1033,70,2023-05-01,2023-05-30,1639.2012378715579,3
1034,70,2023-05-31,2023-06-29,1159.767565210242,3
1035,70,2023-06-30,2023-07-29,729.7550533313139,3
1036,70,2023-07-30,2023-08-28,730.5069918572477,3
1037,70,2023-08-29,2023-09-27,1392.2260045304374,3
1038,70,2023-09-28,2023-10-27,1396.1684329876143,3
1039,70,2023-10-28,2023-11-26,516.9054003391685,3
1040,70,2023-11-27,2023-12-26,1098.9709233445988,3
1041,71,2023-01-01,2023-01-30,701.7929804955501,3
1042,71,2023-01-31,2023-03-01,1885.7410336784421,3
1043,71,2023-03-02,2023-03-31,508.5653652189859,3
1044,71,2023-04-01,2023-04-30,1713.1520624741627,3
1045,71,2023-05-01,2023-05-30,1157.7093278106054,3
1046,71,2023-05-31,2023-06-29,1811.3257110669074,3
1047,71,2023-06-30,2023-07-29,1772.8437156276227,3
1048,71,2023-07-30,2023-08-28,1755.8879762707163,3
1049,71,2023-08-29,2023-09-27,1090.3439717912026,3
1050,71,2023-09-28,2023-10-27,1709.7121729459773,3
1051,71,2023-10-28,2023-11-26,851.4408951564783,3
1052,71,2023-11-27,2023-12-26,1829.0549677086337,3
1053,72,2023-01-01,2023-01-30,1545.975985614452,3
1054,72,2023-01-31,2023-03-01,1681.8074563961245,3
1055,72,2023-03-02,2023-03-31,645.234613884892,3
1056,72,2023-04-01,2023-04-30,1373.6508946530103,3
1057,72,2023-05-01,2023-05-30,757.4488327430307,3
1058,72,2023-05-31,2023-06-29,545.5773113846361,3
1059,72,2023-06-30,2023-07-29,1020.4180875991136,3
1060,72,2023-07-30,2023-08-28,994.2306933867533,3
1061,72,2023-08-29,2023-09-27,1238.7714188961736,3
1062,72,2023-09-28,2023-10-27,555.9668056414212,3
1312,93,2023-07-30,2023-08-28,1711.1128969507154,3
1313,93,2023-08-29,2023-09-27,1403.3573781319924,3
1314,93,2023-09-28,2023-10-27,1855.0823473227006,3
1315,93,2023-10-28,2023-11-26,928.5195057018758,3
1316,93,2023-11-27,2023-12-26,1131.862432164316,3
1317,94,2023-01-01,2023-01-30,1981.7621354773237,3
1318,94,2023-01-31,2023-03-01,759.9513660348556,3
1319,94,2023-03-02,2023-03-31,948.8292631347995,3
1320,94,2023-04-01,2023-04-30,888.9827764154065,3
1321,94,2023-05-01,2023-05-30,1134.147151449551,3
1322,94,2023-05-31,2023-06-29,591.2912304036577,3
1323,94,2023-06-30,2023-07-29,1536.4670219701634,3
1324,94,2023-07-30,2023-08-28,1175.0676799158623,3
1325,94,2023-08-29,2023-09-27,1856.6171503300257,3
1326,94,2023-09-28,2023-10-27,1321.303629914999,3
1327,94,2023-10-28,2023-11-26,1101.3940675629067,3
1328,94,2023-11-27,2023-12-26,756.7469960951303,3
1329,95,2023-01-01,2023-01-30,839.2861518558309,3
1330,95,2023-01-31,2023-03-01,894.8634518498753,3
1331,95,2023-03-02,2023-03-31,1467.703620487282,3
1332,95,2023-04-01,2023-04-30,1740.5006273520137,3
1333,95,2023-05-01,2023-05-30,1886.3863945603507,3
1334,95,2023-05-31,2023-06-29,1445.6966917137943,3
1335,95,2023-06-30,2023-07-29,916.7143768572587,3
1336,95,2023-07-30,2023-08-28,649.6078986236082,3
1337,95,2023-08-29,2023-09-27,1152.7508934180769,3
1338,95,2023-09-28,2023-10-27,1555.6216080247736,3
1339,95,2023-10-28,2023-11-26,1465.9420900978764,3
1340,95,2023-11-27,2023-12-26,1138.693240281254,3
1341,96,2023-01-01,2023-01-30,1956.661274756021,3
1342,96,2023-01-31,2023-03-01,1058.5969196840947,3
1343,96,2023-03-02,2023-03-31,1254.6396029660118,3
1344,96,2023-04-01,2023-04-30,1960.1056585333026,3
1345,96,2023-05-01,2023-05-30,1220.8178689820966,3
1346,96,2023-05-31,2023-06-29,1456.0527186232655,3
1347,96,2023-06-30,2023-07-29,1087.6426772563736,3
1348,96,2023-07-30,2023-08-28,876.6403625803789,2
1349,96,2023-08-29,2023-09-27,1260.9948978324176,3
1350,96,2023-09-28,2023-10-27,827.4264488069509,3
1351,96,2023-10-28,2023-11-26,1979.2595204599331,3
1352,96,2023-11-27,2023-12-26,561.6208217705059,3
1353,97,2023-01-01,2023-01-30,1058.1139763741044,3
1354,97,2023-01-31,2023-03-01,1318.761302481771,3
1355,97,2023-03-02,2023-03-31,1323.2364866433736,3
1356,97,2023-04-01,2023-04-30,1237.3203458497132,3
1357,97,2023-05-01,2023-05-30,1010.5528674292193,3
1358,97,2023-05-31,2023-06-29,849.7092860218066,3
